<?xml version="1.0" standalone="no"?>
<manifest identifier="_5yqVebKB2lw_course_id" version="1.3" xmlns="http://www.imsglobal.org/xsd/imscp_v1p1" xmlns:adlcp="http://www.adlnet.org/xsd/adlcp_v1p3" xmlns:adlseq="http://www.adlnet.org/xsd/adlseq_v1p3" xmlns:adlnav="http://www.adlnet.org/xsd/adlnav_v1p3" xmlns:imsss="http://www.imsglobal.org/xsd/imsss" xmlns:xsi="http://www.w3.org/2001/XMLSchema-instance" xsi:schemaLocation="http://www.imsglobal.org/xsd/imscp_v1p1 imscp_v1p1.xsd&#xA;                        http://www.adlnet.org/xsd/adlcp_v1p3 adlcp_v1p3.xsd&#xA;                        http://www.adlnet.org/xsd/adlseq_v1p3 adlseq_v1p3.xsd&#xA;                        http://www.adlnet.org/xsd/adlnav_v1p3 adlnav_v1p3.xsd&#xA;                        http://www.imsglobal.org/xsd/imsss imsss_v1p0.xsd">
  <metadata>
    <schema>ADL SCORM</schema>
    <schemaversion>CAM 1.3</schemaversion>
    <adlcp:location>metadata.xml</adlcp:location>
  </metadata>
  <organizations default="Het_overslaan_van_maaltijden_en_overgewicht_ORG">
    <organization identifier="Het_overslaan_van_maaltijden_en_overgewicht_ORG" adlseq:objectivesGlobalToSystem="false">
      <title>Het overslaan van maaltijden en overgewicht</title>
      <item identifier="CHERMUG_Part1_016_G_SCO" identifierref="__5yqVebKB2lw_course_id_RES" isvisible="true">
        <title>CHERMUG_Part1_016_G</title>
      </item>
      <metadata>
        <adlcp:location>metadata.xml</adlcp:location>
      </metadata>
      <imsss:sequencing>
        <imsss:controlMode choice="true" flow="true" />
        <imsss:deliveryControls tracked="true" completionSetByContent="false" objectiveSetByContent="false" />
      </imsss:sequencing>
    </organization>
  </organizations>
  <resources>
    <resource identifier="__5yqVebKB2lw_course_id_RES" type="webcontent" adlcp:scormType="sco" href="index_lms.html">
      <file href="story_content/thumbnail.jpg" />
      <file href="story_content/6DcRpyzvab2_80_DX1600_DY1600.jpg" />
      <file href="mobile/6DcRpyzvab2_80_DX1600_DY1600_CX800_CY650.jpg" />
      <file href="story_content/5fdQz3HwAX6_80_DX370_DY370.swf" />
      <file href="mobile/5fdQz3HwAX6_80_DX370_DY370_CX185_CY85.png" />
      <file href="story_content/5pjscZWAUXO_80_DX1600_DY1600.jpg" />
      <file href="mobile/5pjscZWAUXO_80_DX1600_DY1600_CX800_CY600.jpg" />
      <file href="story_content/6O15dkDqgKf_80_DX1392_DY1392.swf" />
      <file href="mobile/6O15dkDqgKf_80_DX1392_DY1392_CX696_CY600.png" />
      <file href="story_content/6Pyem5C1LVa_80_DX1262_DY1262.swf" />
      <file href="mobile/6Pyem5C1LVa_80_DX1262_DY1262_CX631_CY200.png" />
      <file href="story_content/60qMKL6qPK3_80_DX170_DY170.swf" />
      <file href="mobile/60qMKL6qPK3_80_DX170_DY170_CX84_CY85.png" />
      <file href="story_content/60bcC8nRNCM_80_DX1384_DY1384.swf" />
      <file href="mobile/60bcC8nRNCM_80_DX1384_DY1384_CX692_CY581.png" />
      <file href="story_content/6n1cFFZp8LV_80_DX596_DY596.swf" />
      <file href="mobile/6n1cFFZp8LV_80_DX596_DY596_CX298_CY168.png" />
      <file href="story_content/6BlosPPDm0g_80_DX376_DY376.swf" />
      <file href="mobile/6BlosPPDm0g_80_DX376_DY376_CX163_CY188.png" />
      <file href="story_content/6kNPuKqH1JW_80_DX1384_DY1384.swf" />
      <file href="mobile/6kNPuKqH1JW_80_DX1384_DY1384_CX692_CY581.png" />
      <file href="story_content/5aReNPMAlta_80_DX1600_DY1600.jpg" />
      <file href="mobile/5aReNPMAlta_80_DX1600_DY1600_CX800_CY600.jpg" />
      <file href="story_content/6SHeukAkWVN_80_DX604_DY604.swf" />
      <file href="mobile/6SHeukAkWVN_80_DX604_DY604_CX302_CY64.png" />
      <file href="story_content/5zdlITY2vmI_80_DX608_DY608.swf" />
      <file href="mobile/5zdlITY2vmI_80_DX608_DY608_CX304_CY64.png" />
      <file href="story_content/Shape5vEL7E8eDQ9.swf" />
      <file href="story_content/5xN9Klcz3Kw_80_DX1374_DY1374.swf" />
      <file href="mobile/5xN9Klcz3Kw_80_DX1374_DY1374_CX687_CY403.png" />
      <file href="story_content/6oN0gMmbagH_80_DX1600_DY1600.jpg" />
      <file href="mobile/6oN0gMmbagH_80_DX1600_DY1600_CX800_CY600.jpg" />
      <file href="story_content/5txibXelGe9_80_DX1600_DY1600.swf" />
      <file href="mobile/5txibXelGe9_80_DX1600_DY1600_CX800_CY54.png" />
      <file href="story_content/6RdorNCHoLJ_80_DX630_DY630.jpg" />
      <file href="mobile/6RdorNCHoLJ_80_DX630_DY630_CX315_CY38.jpg" />
      <file href="story_content/6JMAF9EBrGd_80_DX1486_DY1486.swf" />
      <file href="mobile/6JMAF9EBrGd_80_DX1486_DY1486_CX743_CY524.png" />
      <file href="story_content/5ZvOLlbDkRh_80_DX1600_DY1600.jpg" />
      <file href="mobile/5ZvOLlbDkRh_80_DX1600_DY1600_CX800_CY600.jpg" />
      <file href="story_content/6WPDt6A53CJ_80_DX414_DY414.swf" />
      <file href="mobile/6WPDt6A53CJ_80_DX414_DY414_CX207_CY39.png" />
      <file href="story_content/5nyZ7zISHaY_80_DX42_DY42.swf" />
      <file href="mobile/5nyZ7zISHaY_80_DX42_DY42_CX21_CY21.png" />
      <file href="story_content/txt__default_6IAFh1pOtaG.swf" />
      <file href="story_content/txt__default_6VYfoNl3apC.swf" />
      <file href="story_content/5jlUwvE2YbB_80_DX814_DY814.swf" />
      <file href="mobile/5jlUwvE2YbB_80_DX814_DY814_CX219_CY389.png" />
      <file href="story_content/6glpv5X0pyz_80_DX814_DY814.swf" />
      <file href="mobile/6glpv5X0pyz_80_DX814_DY814_CX219_CY389.png" />
      <file href="story_content/69wxc1i5nGK_80_DX910_DY910.swf" />
      <file href="mobile/69wxc1i5nGK_80_DX910_DY910_CX256_CY455.png" />
      <file href="story_content/6jQ7hiUDTtW_80_DX814_DY814.swf" />
      <file href="mobile/6jQ7hiUDTtW_80_DX814_DY814_CX219_CY389.png" />
      <file href="story_content/67awv5j4xHq_80_DX814_DY814.swf" />
      <file href="mobile/67awv5j4xHq_80_DX814_DY814_CX219_CY389.png" />
      <file href="story_content/6TjV3tTMPoQ_80_DX814_DY814.swf" />
      <file href="mobile/6TjV3tTMPoQ_80_DX814_DY814_CX219_CY389.png" />
      <file href="story_content/Shape63jrZWzGYrg.swf" />
      <file href="story_content/6fk0zQIMloL_80_DX1374_DY1374.swf" />
      <file href="mobile/6fk0zQIMloL_80_DX1374_DY1374_CX687_CY403.png" />
      <file href="story_content/txt__default_5yY6LbsltgD.swf" />
      <file href="story_content/txt__default_6kzyimKTWng.swf" />
      <file href="story_content/Shape6lS3u0gqTH0.swf" />
      <file href="story_content/txt__default_6MBs893CHTE.swf" />
      <file href="story_content/txt__default_6dBe6WVHBua.swf" />
      <file href="story_content/Shape628aQwOfpQ4.swf" />
      <file href="story_content/6F63TetDJrk_80_DX170_DY170.swf" />
      <file href="mobile/6F63TetDJrk_80_DX170_DY170_CX84_CY85.png" />
      <file href="story_content/64oB2DlyVb9_80_DX988_DY988.swf" />
      <file href="mobile/64oB2DlyVb9_80_DX988_DY988_CX254_CY494.png" />
      <file href="story_content/5qQRl7766bL_80_DX988_DY988.swf" />
      <file href="mobile/5qQRl7766bL_80_DX988_DY988_CX254_CY494.png" />
      <file href="story_content/5tXUsjDwIQr_80_DX910_DY910.swf" />
      <file href="mobile/5tXUsjDwIQr_80_DX910_DY910_CX256_CY455.png" />
      <file href="story_content/6MbziUYbNxQ_80_DX910_DY910.swf" />
      <file href="mobile/6MbziUYbNxQ_80_DX910_DY910_CX256_CY455.png" />
      <file href="story_content/6QNUzvd6gWZ_80_DX1600_DY1600.swf" />
      <file href="mobile/6QNUzvd6gWZ_80_DX1600_DY1600_CX800_CY600.png" />
      <file href="story_content/5rg8ZAow4Rw_80_DX1382_DY1382.swf" />
      <file href="mobile/5rg8ZAow4Rw_80_DX1382_DY1382_CX691_CY372.png" />
      <file href="story_content/6MMAoH7QkiS_80_DX314_DY314.swf" />
      <file href="mobile/6MMAoH7QkiS_80_DX314_DY314_CX135_CY157.png" />
      <file href="story_content/5eLozO4PAdi_80_DX314_DY314.swf" />
      <file href="mobile/5eLozO4PAdi_80_DX314_DY314_CX135_CY157.png" />
      <file href="story_content/67oBbLiUz86_80_DX314_DY314.swf" />
      <file href="mobile/67oBbLiUz86_80_DX314_DY314_CX135_CY157.png" />
      <file href="story_content/60Ko6fSyXB0_80_DX314_DY314.swf" />
      <file href="mobile/60Ko6fSyXB0_80_DX314_DY314_CX135_CY157.png" />
      <file href="story_content/6U6h0pAyNRh_80_DX314_DY314.swf" />
      <file href="mobile/6U6h0pAyNRh_80_DX314_DY314_CX135_CY157.png" />
      <file href="story_content/6JOjWJubwrF_80_DX314_DY314.swf" />
      <file href="mobile/6JOjWJubwrF_80_DX314_DY314_CX135_CY157.png" />
      <file href="story_content/6EDWYaUdeFQ_80_DX314_DY314.swf" />
      <file href="mobile/6EDWYaUdeFQ_80_DX314_DY314_CX135_CY157.png" />
      <file href="story_content/5fvFS27Ob73_80_DX314_DY314.swf" />
      <file href="mobile/5fvFS27Ob73_80_DX314_DY314_CX135_CY157.png" />
      <file href="story_content/6nLgBX05zRS_80_DX136_DY136.swf" />
      <file href="mobile/6nLgBX05zRS_80_DX136_DY136_CX60_CY68.png" />
      <file href="mobile/5eLozO4PAdi_80_DX314_DY314_CX58_CY68.png" />
      <file href="story_content/6fVsNt9qDGD_80_DX136_DY136.swf" />
      <file href="mobile/6fVsNt9qDGD_80_DX136_DY136_CX60_CY68.png" />
      <file href="story_content/5lCIcgiue1D_80_DX136_DY136.swf" />
      <file href="mobile/5lCIcgiue1D_80_DX136_DY136_CX60_CY68.png" />
      <file href="story_content/5nca8DPCNOh_80_DX136_DY136.swf" />
      <file href="mobile/5nca8DPCNOh_80_DX136_DY136_CX60_CY68.png" />
      <file href="story_content/6oh24UOu2lL_80_DX136_DY136.swf" />
      <file href="mobile/6oh24UOu2lL_80_DX136_DY136_CX60_CY68.png" />
      <file href="story_content/6PTWbqmECWP_80_DX136_DY136.swf" />
      <file href="mobile/6PTWbqmECWP_80_DX136_DY136_CX60_CY68.png" />
      <file href="story_content/60GEtGlPVum_80_DX136_DY136.swf" />
      <file href="mobile/60GEtGlPVum_80_DX136_DY136_CX60_CY68.png" />
      <file href="story_content/5nUoL5Cp7lA_80_DX1600_DY1600.jpg" />
      <file href="mobile/5nUoL5Cp7lA_80_DX1600_DY1600_CX800_CY600.jpg" />
      <file href="story_content/5nFeXdICKbj_80_DX174_DY174.swf" />
      <file href="mobile/5nFeXdICKbj_80_DX174_DY174_CX87_CY52.png" />
      <file href="story_content/6Qa5AG0LvUy_80_DX100_DY100.swf" />
      <file href="mobile/6Qa5AG0LvUy_80_DX100_DY100_CX50_CY22.png" />
      <file href="story_content/5YYpfTUwksL_80_DX110_DY110.swf" />
      <file href="mobile/5YYpfTUwksL_80_DX110_DY110_CX55_CY48.png" />
      <file href="story_content/Shape5vu7za7ocWa.swf" />
      <file href="story_content/5lF6Z29UUMg_80_DX1600_DY1600.swf" />
      <file href="mobile/5lF6Z29UUMg_80_DX1600_DY1600_CX800_CY441.png" />
      <file href="story_content/5jlUwvE2YbB_X_80_DX814_DY814.swf" />
      <file href="mobile/5jlUwvE2YbB_X_80_DX814_DY814_CX208_CY388.png" />
      <file href="story_content/6glpv5X0pyz_X_80_DX814_DY814.swf" />
      <file href="mobile/6glpv5X0pyz_X_80_DX814_DY814_CX208_CY388.png" />
      <file href="story_content/69wxc1i5nGK_X_80_DX910_DY910.swf" />
      <file href="mobile/69wxc1i5nGK_X_80_DX910_DY910_CX199_CY372.png" />
      <file href="story_content/6jQ7hiUDTtW_X_80_DX814_DY814.swf" />
      <file href="mobile/6jQ7hiUDTtW_X_80_DX814_DY814_CX208_CY388.png" />
      <file href="story_content/67awv5j4xHq_X_80_DX814_DY814.swf" />
      <file href="mobile/67awv5j4xHq_X_80_DX814_DY814_CX208_CY388.png" />
      <file href="story_content/6TjV3tTMPoQ_X_80_DX814_DY814.swf" />
      <file href="mobile/6TjV3tTMPoQ_X_80_DX814_DY814_CX208_CY388.png" />
      <file href="mobile/5jlUwvE2YbB_X_80_DX814_DY814_CX212_CY388.png" />
      <file href="mobile/6glpv5X0pyz_X_80_DX814_DY814_CX212_CY388.png" />
      <file href="mobile/69wxc1i5nGK_X_80_DX910_DY910_CX203_CY372.png" />
      <file href="mobile/6jQ7hiUDTtW_X_80_DX814_DY814_CX212_CY388.png" />
      <file href="mobile/67awv5j4xHq_X_80_DX814_DY814_CX212_CY388.png" />
      <file href="mobile/6TjV3tTMPoQ_X_80_DX814_DY814_CX212_CY388.png" />
      <file href="story_content/Shape5eCTJBpjr3r.swf" />
      <file href="story_content/Shape5mqGIIZLPeo.swf" />
      <file href="story_content/5jlUwvE2YbB_80_DX816_DY816.swf" />
      <file href="mobile/5jlUwvE2YbB_80_DX816_DY816_CX229_CY408.png" />
      <file href="story_content/6glpv5X0pyz_80_DX816_DY816.swf" />
      <file href="mobile/6glpv5X0pyz_80_DX816_DY816_CX229_CY408.png" />
      <file href="story_content/6jQ7hiUDTtW_80_DX816_DY816.swf" />
      <file href="mobile/6jQ7hiUDTtW_80_DX816_DY816_CX229_CY408.png" />
      <file href="story_content/67awv5j4xHq_80_DX816_DY816.swf" />
      <file href="mobile/67awv5j4xHq_80_DX816_DY816_CX229_CY408.png" />
      <file href="story_content/6TjV3tTMPoQ_80_DX816_DY816.swf" />
      <file href="mobile/6TjV3tTMPoQ_80_DX816_DY816_CX229_CY408.png" />
      <file href="story_content/6XWKPywdEQf_80_DX570_DY570.jpg" />
      <file href="mobile/6XWKPywdEQf_80_DX570_DY570_CX285_CY240.jpg" />
      <file href="story_content/5nc6L9cS7k0_80_DX554_DY554.jpg" />
      <file href="mobile/5nc6L9cS7k0_80_DX554_DY554_CX277_CY229.jpg" />
      <file href="story_content/Shape6fpgrb4dKpi.swf" />
      <file href="mobile/5jlUwvE2YbB_80_DX814_DY814_CX218_CY388.png" />
      <file href="mobile/6glpv5X0pyz_80_DX814_DY814_CX218_CY388.png" />
      <file href="mobile/69wxc1i5nGK_80_DX910_DY910_CX209_CY372.png" />
      <file href="mobile/6jQ7hiUDTtW_80_DX814_DY814_CX218_CY388.png" />
      <file href="mobile/67awv5j4xHq_80_DX814_DY814_CX218_CY388.png" />
      <file href="mobile/6TjV3tTMPoQ_80_DX814_DY814_CX218_CY388.png" />
      <file href="story_content/Shape5nBh47GSLkq.swf" />
      <file href="story_content/Shape6jq2oL4dMXQ.swf" />
      <file href="mobile/5jlUwvE2YbB_X_80_DX814_DY814_CX200_CY388.png" />
      <file href="mobile/6glpv5X0pyz_X_80_DX814_DY814_CX200_CY388.png" />
      <file href="mobile/69wxc1i5nGK_X_80_DX910_DY910_CX192_CY372.png" />
      <file href="mobile/6jQ7hiUDTtW_X_80_DX814_DY814_CX200_CY388.png" />
      <file href="mobile/67awv5j4xHq_X_80_DX814_DY814_CX200_CY388.png" />
      <file href="mobile/6TjV3tTMPoQ_X_80_DX814_DY814_CX200_CY388.png" />
      <file href="mobile/5jlUwvE2YbB_X_80_DX814_DY814_CX216_CY388.png" />
      <file href="mobile/6glpv5X0pyz_X_80_DX814_DY814_CX216_CY388.png" />
      <file href="mobile/69wxc1i5nGK_X_80_DX910_DY910_CX207_CY372.png" />
      <file href="mobile/6jQ7hiUDTtW_X_80_DX814_DY814_CX216_CY388.png" />
      <file href="mobile/67awv5j4xHq_X_80_DX814_DY814_CX216_CY388.png" />
      <file href="mobile/6TjV3tTMPoQ_X_80_DX814_DY814_CX216_CY388.png" />
      <file href="story_content/5leO9pKhy91_80_DX1308_DY1308.jpg" />
      <file href="mobile/5leO9pKhy91_80_DX1308_DY1308_CX654_CY330.jpg" />
      <file href="story_content/Shape616gZawv5YO.swf" />
      <file href="story_content/5xIGUx40Bec_80_DX1076_DY1076.jpg" />
      <file href="mobile/5xIGUx40Bec_80_DX1076_DY1076_CX538_CY283.jpg" />
      <file href="story_content/5dVukOdce9W_80_DX266_DY266.swf" />
      <file href="mobile/5dVukOdce9W_80_DX266_DY266_CX114_CY133.png" />
      <file href="story_content/5a4pC9thPVd_80_DX266_DY266.swf" />
      <file href="mobile/5a4pC9thPVd_80_DX266_DY266_CX114_CY133.png" />
      <file href="story_content/5w3t9eeCjTY_80_DX266_DY266.swf" />
      <file href="mobile/5w3t9eeCjTY_80_DX266_DY266_CX114_CY133.png" />
      <file href="story_content/Shape6oWSUqwGBxD.swf" />
      <file href="story_content/6F2YOeLXwTk_80_DX972_DY972.jpg" />
      <file href="mobile/6F2YOeLXwTk_80_DX972_DY972_CX486_CY149.jpg" />
      <file href="story_content/6ig9nPkhXsc_80_DX156_DY156.swf" />
      <file href="mobile/6ig9nPkhXsc_80_DX156_DY156_CX78_CY72.png" />
      <file href="story_content/5zfKzBPw3Lz_80_DX118_DY118.swf" />
      <file href="mobile/5zfKzBPw3Lz_80_DX118_DY118_CX59_CY25.png" />
      <file href="meta.xml" />
      <file href="story_content/frame.xml" />
      <file href="story_content/frame.js" />
      <file href="story_content/user.js" />
      <file href="story_html5.html" />
      <file href="story_unsupported.html" />
      <file href="mobile/txt__default_6IAFh1pOtaG.png" />
      <file href="mobile/txt__default_6VYfoNl3apC.png" />
      <file href="mobile/txt__default_5yY6LbsltgD.png" />
      <file href="mobile/txt__default_6kzyimKTWng.png" />
      <file href="mobile/txt__default_6MBs893CHTE.png" />
      <file href="mobile/txt__default_6dBe6WVHBua.png" />
      <file href="mobile/app_store.png" />
      <file href="mobile/controls.png" />
      <file href="mobile/icon_loading.gif" />
      <file href="mobile/linen_background.jpg" />
      <file href="mobile/mobile_icon.png" />
      <file href="mobile/player.css" />
      <file href="mobile/spinner.png" />
      <file href="mobile/storyline_compiled.js" />
      <file href="mobile/wait.gif" />
      <file href="story_content/fonts.swf" />
      <file href="mobile/fonts.js" />
      <file href="story.swf" />
      <file href="story_content/frame.swf" />
      <file href="story_content/slides/6pdRVDuJKek.swf" />
      <file href="mobile/slides/6pdRVDuJKek.js" />
      <file href="story_content/slides/6XtOYIX8sSB.swf" />
      <file href="mobile/slides/6XtOYIX8sSB.js" />
      <file href="story_content/slides/6mxCYp3gRBF.swf" />
      <file href="mobile/slides/6mxCYp3gRBF.js" />
      <file href="story_content/slides/6bSTEvTcwUS.swf" />
      <file href="mobile/slides/6bSTEvTcwUS.js" />
      <file href="story_content/slides/6NbA3kAf1Nm.swf" />
      <file href="mobile/slides/6NbA3kAf1Nm.js" />
      <file href="story_content/slides/5y3yKYbnA6n.swf" />
      <file href="mobile/slides/5y3yKYbnA6n.js" />
      <file href="story_content/slides/6TGG6Y6md5Y.swf" />
      <file href="mobile/slides/6TGG6Y6md5Y.js" />
      <file href="story_content/slides/6ZBXF405adQ.swf" />
      <file href="mobile/slides/6ZBXF405adQ.js" />
      <file href="story_content/slides/64ew1HlgNAJ.swf" />
      <file href="mobile/slides/64ew1HlgNAJ.js" />
      <file href="story_content/slides/6Vlbru5Oobz.swf" />
      <file href="mobile/slides/6Vlbru5Oobz.js" />
      <file href="story_content/slides/6jDvPwwFqpt.swf" />
      <file href="mobile/slides/6jDvPwwFqpt.js" />
      <file href="story_content/slides/6HKjh8jqNU6.swf" />
      <file href="mobile/slides/6HKjh8jqNU6.js" />
      <file href="story_content/slides/5rhwFfXImkh.swf" />
      <file href="mobile/slides/5rhwFfXImkh.js" />
      <file href="story_content/slides/6rXjfxH6zMz.swf" />
      <file href="mobile/slides/6rXjfxH6zMz.js" />
      <file href="story_content/slides/5eFYOstzq9H.swf" />
      <file href="mobile/slides/5eFYOstzq9H.js" />
      <file href="story_content/slides/6d4I30bc3Wr.swf" />
      <file href="mobile/slides/6d4I30bc3Wr.js" />
      <file href="story_content/slides/6VxcZEoi6tY.swf" />
      <file href="mobile/slides/6VxcZEoi6tY.js" />
      <file href="story_content/slides/6LAFdtGcWvM.swf" />
      <file href="mobile/slides/6LAFdtGcWvM.js" />
      <file href="story_content/slides/6MPNRz8X385.swf" />
      <file href="mobile/slides/6MPNRz8X385.js" />
      <file href="story_content/slides/5gCLNDnfczz.swf" />
      <file href="mobile/slides/5gCLNDnfczz.js" />
      <file href="story_content/data.swf" />
      <file href="mobile/data.js" />
      <file href="mobile/masks.js" />
      <file href="story.html" />
      <file href="index_lms_html5.html" />
      <file href="story_content/blank.html" />
      <file href="story_content/story.js" />
      <file href="index_lms.html" />
      <file href="lms/AICCComm.html" />
      <file href="lms/AICCFunctions.js" />
      <file href="lms/API.js" />
      <file href="lms/APIConstants.js" />
      <file href="lms/blank.html" />
      <file href="lms/browsersniff.js" />
      <file href="lms/Configuration.js" />
      <file href="lms/goodbye.html" />
      <file href="lms/lms.js" />
      <file href="lms/LMSAPI.js" />
      <file href="lms/NONEFunctions.js" />
      <file href="lms/SCORM2004Functions.js" />
      <file href="lms/SCORMFunctions.js" />
      <file href="lms/UtilityFunctions.js" />
    </resource>
  </resources>
</manifest>